id;label
Ses01F_impro01_F000;n
Ses01F_impro01_F001;n
Ses01F_impro01_F015;f
Ses01F_impro01_M001;f
Ses01F_impro01_M003;f
Ses01F_impro01_M006;f
Ses01F_impro01_M007;f
Ses01F_impro02_F001;s
Ses01F_impro02_F004;s
Ses01F_impro02_F005;s
Ses01F_impro02_F010;s
Ses01F_impro02_F012;s
Ses01F_impro02_F013;s
Ses01F_impro02_F014;s
Ses01F_impro02_F015;s
Ses01F_impro02_F017;s
Ses01F_impro02_F019;s
Ses01F_impro02_F020;s
Ses01F_impro02_M009;s
Ses01F_impro02_M011;s
Ses01F_impro02_M013;s
Ses01F_impro02_M014;s
Ses01F_impro03_F005;h
Ses01F_impro03_F006;h
Ses01F_impro03_F008;h
Ses01F_impro03_F009;h
Ses01F_impro03_F012;h
Ses01F_impro03_F016;h
Ses01F_impro03_F021;h
Ses01F_impro03_F022;n
Ses01F_impro03_M007;h
Ses01F_impro03_M008;n
Ses01F_impro03_M009;n
Ses01F_impro03_M011;n
Ses01F_impro03_M015;h
Ses01F_impro03_M016;n
Ses01F_impro03_M019;n
Ses01F_impro03_M020;n
Ses01F_impro03_M021;n
Ses01F_impro03_M022;e
Ses01F_impro03_M023;h
Ses01F_impro03_M024;n
Ses01F_impro04_F000;n
Ses01F_impro04_F005;n
Ses01F_impro04_F011;x
Ses01F_impro04_F016;f
Ses01F_impro04_M000;n
Ses01F_impro04_M001;n
Ses01F_impro04_M002;n
Ses01F_impro04_M003;n
Ses01F_impro04_M004;n
Ses01F_impro04_M005;n
Ses01F_impro04_M006;n
Ses01F_impro04_M008;n
Ses01F_impro04_M009;n
Ses01F_impro04_M010;n
Ses01F_impro04_M011;n
Ses01F_impro04_M012;n
Ses01F_impro04_M013;n
Ses01F_impro04_M014;n
Ses01F_impro04_M015;n
Ses01F_impro04_M016;n
Ses01F_impro04_M017;n
Ses01F_impro04_M019;n
Ses01F_impro04_M020;n
Ses01F_impro04_M021;n
Ses01F_impro04_M022;n
Ses01F_impro04_M023;n
Ses01F_impro04_M024;n
Ses01F_impro04_M025;n
Ses01F_impro04_M026;n
Ses01F_impro04_M027;n
Ses01F_impro04_M028;n
Ses01F_impro04_M031;n
Ses01F_impro04_M032;n
Ses01F_impro05_F019;a
Ses01F_impro05_F028;a
Ses01F_impro05_M001;h
Ses01F_impro05_M003;n
Ses01F_impro05_M004;n
Ses01F_impro05_M005;n
Ses01F_impro05_M006;n
Ses01F_impro05_M007;n
Ses01F_impro05_M008;n
Ses01F_impro05_M009;n
Ses01F_impro05_M010;n
Ses01F_impro05_M012;n
Ses01F_impro05_M013;n
Ses01F_impro05_M015;n
Ses01F_impro05_M016;n
Ses01F_impro05_M019;n
Ses01F_impro05_M022;n
Ses01F_impro05_M024;n
Ses01F_impro05_M025;n
Ses01F_impro05_M026;n
Ses01F_impro05_M027;n
Ses01F_impro05_M030;n
Ses01F_impro05_M031;n
Ses01F_impro05_M035;n
Ses01F_impro06_F008;s
Ses01F_impro06_F009;n
Ses01F_impro06_F020;s
Ses01F_impro06_F021;s
Ses01F_impro06_F023;s
Ses01F_impro06_F026;s
Ses01F_impro06_F027;n
Ses01F_impro06_M000;s
Ses01F_impro06_M004;n
Ses01F_impro06_M005;n
Ses01F_impro06_M006;n
Ses01F_impro06_M008;n
Ses01F_impro06_M009;n
Ses01F_impro06_M010;n
Ses01F_impro06_M011;n
Ses01F_impro06_M012;n
Ses01F_impro06_M013;n
Ses01F_impro06_M014;n
Ses01F_impro06_M016;n
Ses01F_impro07_F003;e
Ses01F_impro07_F005;e
Ses01F_impro07_M000;e
Ses01F_impro07_M007;e
Ses01F_impro07_M012;n
Ses01F_impro07_M013;n
Ses01F_impro07_M018;n
Ses01F_script01_1_F011;f
Ses01F_script01_1_F021;f
Ses01F_script01_1_F022;f
Ses01F_script01_1_F024;f
Ses01F_script01_1_F029;f
Ses01F_script01_1_F032;f
Ses01F_script01_1_F035;a
Ses01F_script01_1_F036;x
Ses01F_script01_1_M000;n
Ses01F_script01_1_M001;n
Ses01F_script01_1_M002;n
Ses01F_script01_1_M009;f
Ses01F_script01_1_M015;n
Ses01F_script01_1_M018;f
Ses01F_script01_1_M026;f
Ses01F_script01_1_M030;f
Ses01F_script01_1_M031;f
Ses01F_script01_1_M037;f
Ses01F_script01_2_F003;a
Ses01F_script01_2_F005;a
Ses01F_script01_2_F006;a
Ses01F_script01_2_F007;a
Ses01F_script01_2_F008;a
Ses01F_script01_2_F011;a
Ses01F_script01_2_M003;f
Ses01F_script01_2_M009;f
Ses01F_script01_2_M010;f
Ses01F_script01_2_M011;f
Ses01F_script01_2_M012;f
Ses01F_script01_2_M013;f
Ses01F_script01_2_M017;a
Ses01F_script01_3_F011;h
Ses01F_script01_3_F012;h
Ses01F_script01_3_F013;h
Ses01F_script01_3_F017;h
Ses01F_script01_3_F019;h
Ses01F_script01_3_F021;h
Ses01F_script01_3_F031;n
Ses01F_script01_3_M008;h
Ses01F_script01_3_M026;s
Ses01F_script01_3_M027;s
Ses01F_script01_3_M028;s
Ses01F_script01_3_M029;s
Ses01F_script01_3_M030;s
Ses01F_script01_3_M036;s
Ses01F_script02_1_F000;n
Ses01F_script02_1_F019;f
Ses01F_script02_1_F025;n
Ses01F_script02_1_M007;n
Ses01F_script02_1_M009;n
Ses01F_script02_1_M013;n
Ses01F_script02_1_M014;n
Ses01F_script02_1_M015;n
Ses01F_script02_1_M024;n
Ses01F_script02_1_M025;n
Ses01F_script02_1_M033;n
Ses01F_script02_1_M034;n
Ses01F_script02_1_M036;h
Ses01F_script02_1_M043;h
Ses01F_script02_2_F013;f
Ses01F_script02_2_F021;f
Ses01F_script02_2_F022;s
Ses01F_script02_2_F029;f
Ses01F_script02_2_F032;f
Ses01F_script02_2_F033;f
Ses01F_script02_2_F035;s
Ses01F_script02_2_M016;n
Ses01F_script02_2_M017;n
Ses01F_script02_2_M031;f
Ses01F_script02_2_M037;s
Ses01F_script02_2_M040;n
Ses01F_script02_2_M044;h
Ses01F_script02_2_M049;h
Ses01F_script03_2_F022;a
Ses01F_script03_2_F023;a
Ses01F_script03_2_F024;a
Ses01F_script03_2_F025;a
Ses01F_script03_2_F027;a
Ses01F_script03_2_F028;a
Ses01F_script03_2_F032;n
Ses01F_script03_2_F036;a
Ses01F_script03_2_F037;a
Ses01F_script03_2_F038;a
Ses01F_script03_2_F039;a
Ses01F_script03_2_M023;a
Ses01F_script03_2_M024;a
Ses01F_script03_2_M025;a
Ses01F_script03_2_M026;a
Ses01F_script03_2_M034;a
Ses01F_script03_2_M035;a
Ses01F_script03_2_M036;a
Ses01F_script03_2_M037;a
Ses01F_script03_2_M039;a
Ses01F_script03_2_M040;a
Ses01M_impro01_F011;a
Ses01M_impro01_F024;n
Ses01M_impro01_M000;f
Ses01M_impro01_M001;f
Ses01M_impro01_M002;f
Ses01M_impro01_M005;f
Ses01M_impro01_M006;f
Ses01M_impro01_M007;f
Ses01M_impro01_M008;f
Ses01M_impro01_M009;f
Ses01M_impro01_M011;f
Ses01M_impro01_M012;f
Ses01M_impro01_M016;f
Ses01M_impro01_M022;f
Ses01M_impro01_M026;f
Ses01M_impro01_M027;f
Ses01M_impro01_M028;f
Ses01M_impro01_M031;a
Ses01M_impro01_M032;a
Ses01M_impro02_F006;f
Ses01M_impro02_F008;f
Ses01M_impro02_F015;s
Ses01M_impro02_M001;s
Ses01M_impro02_M002;s
Ses01M_impro02_M003;s
Ses01M_impro02_M007;s
Ses01M_impro02_M009;s
Ses01M_impro02_M010;s
Ses01M_impro02_M011;s
Ses01M_impro02_M012;s
Ses01M_impro02_M013;s
Ses01M_impro02_M014;s
Ses01M_impro02_M015;s
Ses01M_impro02_M016;s
Ses01M_impro02_M017;s
Ses01M_impro02_M018;s
Ses01M_impro02_M019;s
Ses01M_impro02_M020;s
Ses01M_impro02_M021;s
Ses01M_impro02_M022;s
Ses01M_impro02_M025;s
Ses01M_impro03_F010;e
Ses01M_impro03_F011;e
Ses01M_impro03_F013;e
Ses01M_impro03_F014;e
Ses01M_impro03_F019;e
Ses01M_impro03_F022;e
Ses01M_impro03_F023;e
Ses01M_impro03_F026;e
Ses01M_impro03_M003;n
Ses01M_impro03_M005;e
Ses01M_impro03_M010;e
Ses01M_impro03_M011;e
Ses01M_impro03_M012;e
Ses01M_impro03_M014;n
Ses01M_impro03_M016;e
Ses01M_impro03_M018;n
Ses01M_impro03_M020;e
Ses01M_impro03_M021;n
Ses01M_impro03_M022;e
Ses01M_impro04_F002;n
Ses01M_impro04_F003;n
Ses01M_impro04_F004;n
Ses01M_impro04_F005;n
Ses01M_impro04_F006;n
Ses01M_impro04_F007;n
Ses01M_impro04_F008;n
Ses01M_impro04_F009;n
Ses01M_impro04_F010;n
Ses01M_impro04_F011;n
Ses01M_impro04_F012;n
Ses01M_impro04_F013;n
Ses01M_impro04_F014;n
Ses01M_impro04_F015;n
Ses01M_impro04_F016;n
Ses01M_impro04_F017;n
Ses01M_impro04_F018;n
Ses01M_impro04_F019;n
Ses01M_impro04_F020;n
Ses01M_impro04_F021;n
Ses01M_impro04_F022;n
Ses01M_impro04_F025;n
Ses01M_impro04_M002;f
Ses01M_impro04_M003;f
Ses01M_impro04_M010;f
Ses01M_impro04_M012;f
Ses01M_impro04_M020;f
Ses01M_impro04_M022;f
Ses01M_impro04_M024;f
Ses01M_impro04_M025;n
Ses01M_impro05_F000;n
Ses01M_impro05_F001;n
Ses01M_impro05_F002;n
Ses01M_impro05_F003;n
Ses01M_impro05_F004;n
Ses01M_impro05_F005;n
Ses01M_impro05_F006;n
Ses01M_impro05_F011;n
Ses01M_impro05_F012;n
Ses01M_impro05_F013;n
Ses01M_impro05_F014;n
Ses01M_impro05_F016;n
Ses01M_impro05_F018;n
Ses01M_impro05_F019;n
Ses01M_impro05_F020;n
Ses01M_impro05_F021;n
Ses01M_impro05_F022;n
Ses01M_impro05_F024;n
Ses01M_impro05_F025;n
Ses01M_impro05_F026;n
Ses01M_impro05_F027;n
Ses01M_impro05_F028;n
Ses01M_impro05_F029;n
Ses01M_impro05_F030;n
Ses01M_impro05_F031;n
Ses01M_impro05_F032;n
Ses01M_impro05_F033;n
Ses01M_impro05_F034;n
Ses01M_impro05_M002;f
Ses01M_impro05_M004;a
Ses01M_impro05_M005;a
Ses01M_impro05_M006;a
Ses01M_impro05_M007;a
Ses01M_impro05_M008;a
Ses01M_impro05_M030;f
Ses01M_impro05_M031;a
Ses01M_impro06_F000;n
Ses01M_impro06_F002;n
Ses01M_impro06_F003;s
Ses01M_impro06_F005;s
Ses01M_impro06_F007;n
Ses01M_impro06_F008;n
Ses01M_impro06_F013;n
Ses01M_impro06_F015;n
Ses01M_impro06_F016;n
Ses01M_impro06_F021;n
Ses01M_impro06_F022;n
Ses01M_impro06_F023;n
Ses01M_impro06_F024;n
Ses01M_impro06_F025;n
Ses01M_impro06_F027;n
Ses01M_impro06_F028;n
Ses01M_impro06_M000;s
Ses01M_impro06_M001;s
Ses01M_impro06_M004;s
Ses01M_impro06_M005;s
Ses01M_impro06_M007;s
Ses01M_impro06_M008;s
Ses01M_impro06_M009;s
Ses01M_impro06_M010;s
Ses01M_impro06_M011;s
Ses01M_impro06_M012;s
Ses01M_impro06_M013;s
Ses01M_impro06_M014;s
Ses01M_impro06_M015;s
Ses01M_impro06_M016;s
Ses01M_impro06_M019;s
Ses01M_impro06_M020;s
Ses01M_impro06_M021;s
Ses01M_impro06_M022;s
Ses01M_impro06_M023;s
Ses01M_impro06_M024;s
Ses01M_impro06_M025;s
Ses01M_impro06_M026;s
Ses01M_impro06_M027;s
Ses01M_impro07_F018;e
Ses01M_impro07_F020;n
Ses01M_impro07_F034;h
Ses01M_impro07_M000;e
Ses01M_impro07_M001;e
Ses01M_impro07_M002;e
Ses01M_impro07_M003;e
Ses01M_impro07_M007;e
Ses01M_impro07_M011;h
Ses01M_impro07_M017;h
Ses01M_impro07_M020;n
Ses01M_impro07_M024;e
Ses01M_impro07_M026;n
Ses01M_impro07_M030;n
Ses01M_impro07_M032;h
Ses01M_impro07_M033;h
Ses01M_script01_1_F005;s
Ses01M_script01_1_F006;s
Ses01M_script01_1_F014;a
Ses01M_script01_1_F016;a
Ses01M_script01_1_F017;a
Ses01M_script01_1_F019;f
Ses01M_script01_1_F020;a
Ses01M_script01_1_F024;a
Ses01M_script01_1_F036;a
Ses01M_script01_1_F037;a
Ses01M_script01_1_F039;a
Ses01M_script01_1_F041;a
Ses01M_script01_1_M004;s
Ses01M_script01_1_M005;s
Ses01M_script01_1_M008;f
Ses01M_script01_1_M010;f
Ses01M_script01_1_M011;f
Ses01M_script01_1_M012;f
Ses01M_script01_1_M013;f
Ses01M_script01_1_M014;f
Ses01M_script01_1_M019;f
Ses01M_script01_1_M023;a
Ses01M_script01_1_M027;f
Ses01M_script01_1_M028;f
Ses01M_script01_1_M030;f
Ses01M_script01_1_M031;f
Ses01M_script01_1_M042;s
Ses01M_script01_2_F004;a
Ses01M_script01_2_F011;a
Ses01M_script01_2_F013;a
Ses01M_script01_2_M005;f
Ses01M_script01_2_M008;f
Ses01M_script01_2_M009;f
Ses01M_script01_2_M010;f
Ses01M_script01_2_M011;f
Ses01M_script01_2_M012;f
Ses01M_script01_2_M013;f
Ses01M_script01_2_M014;f
Ses01M_script01_2_M017;a
Ses01M_script01_3_F006;s
Ses01M_script01_3_F025;s
Ses01M_script01_3_M019;h
Ses01M_script01_3_M020;s
Ses01M_script01_3_M021;s
Ses01M_script01_3_M026;s
Ses01M_script01_3_M027;s
Ses01M_script01_3_M028;s
Ses01M_script01_3_M029;s
Ses01M_script01_3_M031;s
Ses01M_script01_3_M032;s
Ses01M_script01_3_M033;s
Ses01M_script01_3_M034;s
Ses01M_script01_3_M035;s
Ses01M_script01_3_M036;s
Ses01M_script01_3_M037;s
Ses01M_script01_3_M038;s
Ses01M_script02_1_F001;f
Ses01M_script02_1_F019;f
Ses01M_script02_1_F020;f
Ses01M_script02_1_M000;e
Ses01M_script02_1_M001;e
Ses01M_script02_1_M002;e
Ses01M_script02_1_M005;e
Ses01M_script02_1_M014;e
Ses01M_script02_1_M016;e
Ses01M_script02_1_M046;e
Ses01M_script02_2_F010;a
Ses01M_script02_2_F024;s
Ses01M_script02_2_F035;s
Ses01M_script02_2_F036;s
Ses01M_script02_2_F037;s
Ses01M_script02_2_F044;h
Ses01M_script02_2_M034;f
Ses01M_script02_2_M042;s
Ses01M_script02_2_M043;s
Ses01M_script02_2_M044;s
Ses01M_script03_2_F024;a
Ses01M_script03_2_F025;a
Ses01M_script03_2_F026;a
Ses01M_script03_2_F027;a
Ses01M_script03_2_F028;a
Ses01M_script03_2_F029;a
Ses01M_script03_2_F030;a
Ses01M_script03_2_F034;a
Ses01M_script03_2_F035;a
Ses01M_script03_2_F037;a
Ses01M_script03_2_F038;a
Ses01M_script03_2_F040;a
Ses01M_script03_2_M022;a
Ses01M_script03_2_M023;a
Ses01M_script03_2_M027;a
Ses01M_script03_2_M028;a
Ses01M_script03_2_M029;a
Ses01M_script03_2_M030;a
Ses01M_script03_2_M031;a
Ses01M_script03_2_M032;a
Ses01M_script03_2_M033;a
Ses01M_script03_2_M035;a
Ses01M_script03_2_M036;a
Ses01M_script03_2_M037;a
Ses01M_script03_2_M038;a
Ses01M_script03_2_M040;a
Ses01M_script03_2_M041;a
Ses01M_script03_2_M042;a
Ses01M_script03_2_M043;a
Ses02F_impro01_F000;n
Ses02F_impro01_F003;f
Ses02F_impro01_F006;f
Ses02F_impro01_F007;f
Ses02F_impro01_F008;f
Ses02F_impro01_F009;f
Ses02F_impro01_F011;f
Ses02F_impro01_F015;f
Ses02F_impro01_F017;f
Ses02F_impro01_F018;a
Ses02F_impro01_F019;a
Ses02F_impro01_F023;f
Ses02F_impro01_M008;f
Ses02F_impro01_M009;f
Ses02F_impro01_M010;f
Ses02F_impro01_M011;f
Ses02F_impro01_M012;f
Ses02F_impro01_M014;f
Ses02F_impro01_M015;f
Ses02F_impro01_M018;f
Ses02F_impro01_M020;f
Ses02F_impro01_M022;f
Ses02F_impro02_F000;s
Ses02F_impro02_F006;s
Ses02F_impro02_F009;s
Ses02F_impro02_F011;s
Ses02F_impro02_F012;s
Ses02F_impro02_M012;s
Ses02F_impro03_F000;e
Ses02F_impro03_F001;e
Ses02F_impro03_F004;e
Ses02F_impro03_F017;h
Ses02F_impro03_F023;h
Ses02F_impro03_F026;h
Ses02F_impro03_F027;h
Ses02F_impro03_M024;e
Ses02F_impro03_M026;h
Ses02F_impro04_F000;f
Ses02F_impro04_F001;f
Ses02F_impro04_F002;f
Ses02F_impro04_F004;f
Ses02F_impro04_F007;f
Ses02F_impro04_F015;f
Ses02F_impro04_F016;s
Ses02F_impro04_M008;n
Ses02F_impro04_M009;n
Ses02F_impro05_F000;n
Ses02F_impro05_F001;n
Ses02F_impro05_F011;f
Ses02F_impro05_F015;f
Ses02F_impro05_F019;a
Ses02F_impro05_M000;n
Ses02F_impro05_M001;n
Ses02F_impro05_M002;n
Ses02F_impro05_M003;n
Ses02F_impro05_M004;n
Ses02F_impro05_M005;n
Ses02F_impro05_M007;n
Ses02F_impro05_M008;n
Ses02F_impro05_M010;n
Ses02F_impro05_M011;n
Ses02F_impro05_M013;n
Ses02F_impro05_M015;n
Ses02F_impro05_M017;n
Ses02F_impro05_M019;n
Ses02F_impro06_F000;s
Ses02F_impro06_F001;s
Ses02F_impro06_F002;s
Ses02F_impro06_F003;s
Ses02F_impro06_F005;s
Ses02F_impro06_F006;s
Ses02F_impro06_F007;s
Ses02F_impro06_F009;s
Ses02F_impro06_F010;s
Ses02F_impro06_F013;s
Ses02F_impro06_F014;s
Ses02F_impro06_M003;n
Ses02F_impro06_M004;n
Ses02F_impro06_M005;n
Ses02F_impro06_M006;n
Ses02F_impro06_M007;n
Ses02F_impro06_M008;n
Ses02F_impro06_M009;n
Ses02F_impro06_M010;n
Ses02F_impro06_M011;n
Ses02F_impro06_M012;n
Ses02F_impro06_M013;n
Ses02F_impro06_M015;n
Ses02F_impro06_M016;n
Ses02F_impro06_M017;n
Ses02F_impro06_M018;n
Ses02F_impro06_M019;n
Ses02F_impro07_F001;e
Ses02F_impro07_F002;e
Ses02F_impro07_F003;e
Ses02F_impro07_F004;e
Ses02F_impro07_F005;e
Ses02F_impro07_F006;e
Ses02F_impro07_F007;e
Ses02F_impro07_F008;e
Ses02F_impro07_F009;e
Ses02F_impro07_F010;e
Ses02F_impro07_F011;e
Ses02F_impro07_F012;e
Ses02F_impro07_F013;e
Ses02F_impro07_F018;e
Ses02F_impro07_F019;e
Ses02F_impro07_F020;e
Ses02F_impro07_F021;e
Ses02F_impro07_F026;e
Ses02F_impro07_F029;e
Ses02F_impro07_F030;e
Ses02F_impro07_F033;e
Ses02F_impro07_F035;e
Ses02F_impro07_F036;e
Ses02F_impro07_F037;e
Ses02F_impro07_M005;e
Ses02F_impro07_M006;e
Ses02F_impro07_M007;e
Ses02F_impro07_M008;e
Ses02F_impro07_M011;e
Ses02F_impro08_F000;n
Ses02F_impro08_F001;n
Ses02F_impro08_F002;n
Ses02F_impro08_F003;n
Ses02F_impro08_F004;n
Ses02F_impro08_F005;n
Ses02F_impro08_F006;n
Ses02F_impro08_F007;n
Ses02F_impro08_F009;n
Ses02F_impro08_F014;n
Ses02F_impro08_F019;n
Ses02F_impro08_F020;n
Ses02F_impro08_F021;n
Ses02F_impro08_F022;n
Ses02F_impro08_F023;n
Ses02F_impro08_F024;n
Ses02F_impro08_M000;f
Ses02F_impro08_M001;f
Ses02F_impro08_M002;f
Ses02F_impro08_M005;n
Ses02F_impro08_M011;n
Ses02F_impro08_M016;n
Ses02F_script01_1_F011;f
Ses02F_script01_1_F037;a
Ses02F_script01_1_F038;a
Ses02F_script01_1_M017;n
Ses02F_script01_1_M019;f
Ses02F_script01_1_M024;f
Ses02F_script01_1_M025;a
Ses02F_script01_1_M032;f
Ses02F_script01_2_F014;f
Ses02F_script01_2_F015;f
Ses02F_script01_2_F016;f
Ses02F_script01_3_F025;s
Ses02F_script01_3_M021;s
Ses02F_script01_3_M022;s
Ses02F_script01_3_M023;s
Ses02F_script01_3_M024;s
Ses02F_script01_3_M025;s
Ses02F_script01_3_M026;s
Ses02F_script01_3_M027;s
Ses02F_script01_3_M029;s
Ses02F_script01_3_M033;s
Ses02F_script01_3_M034;s
Ses02F_script02_1_F015;f
Ses02F_script02_1_M000;e
Ses02F_script02_1_M001;e
Ses02F_script02_1_M002;e
Ses02F_script02_1_M003;e
Ses02F_script02_1_M004;e
Ses02F_script02_1_M006;e
Ses02F_script02_1_M014;e
Ses02F_script02_1_M015;e
Ses02F_script02_1_M016;e
Ses02F_script02_1_M042;e
Ses02F_script02_2_F005;a
Ses02F_script02_2_F006;a
Ses02F_script02_2_F009;f
Ses02F_script02_2_F010;f
Ses02F_script02_2_F012;f
Ses02F_script02_2_F015;s
Ses02F_script02_2_F020;s
Ses02F_script02_2_F026;f
Ses02F_script02_2_F033;s
Ses02F_script02_2_F042;h
Ses02F_script02_2_M000;e
Ses02F_script02_2_M006;f
Ses02F_script02_2_M011;f
Ses02F_script02_2_M012;f
Ses02F_script02_2_M016;n
Ses02F_script02_2_M024;f
Ses02F_script02_2_M025;f
Ses02F_script02_2_M026;f
Ses02F_script02_2_M027;f
Ses02F_script02_2_M037;s
Ses02F_script02_2_M038;s
Ses02F_script03_1_F021;h
Ses02F_script03_1_F023;h
Ses02F_script03_1_F025;h
Ses02F_script03_1_F027;n
Ses02F_script03_1_M000;x
Ses02F_script03_1_M004;n
Ses02F_script03_1_M005;n
Ses02F_script03_2_F022;f
Ses02F_script03_2_F034;a
Ses02F_script03_2_F035;a
Ses02F_script03_2_F036;a
Ses02F_script03_2_F041;a
Ses02F_script03_2_F042;a
Ses02F_script03_2_F043;a
Ses02F_script03_2_M006;a
Ses02F_script03_2_M043;a
Ses02F_script03_2_M044;a
Ses02F_script03_2_M045;a
Ses02F_script03_2_M046;a
Ses02F_script03_2_M047;a
Ses02M_impro01_F000;n
Ses02M_impro01_F001;n
Ses02M_impro01_F002;n
Ses02M_impro01_F003;n
Ses02M_impro01_F004;n
Ses02M_impro01_F005;n
Ses02M_impro01_F007;f
Ses02M_impro01_F008;f
Ses02M_impro01_F010;f
Ses02M_impro01_F011;f
Ses02M_impro01_F013;f
Ses02M_impro01_F014;f
Ses02M_impro01_F017;f
Ses02M_impro01_F018;f
Ses02M_impro01_F019;f
Ses02M_impro01_F020;f
Ses02M_impro01_F023;f
Ses02M_impro01_F024;f
Ses02M_impro01_M000;f
Ses02M_impro01_M006;f
Ses02M_impro01_M012;f
Ses02M_impro01_M013;f
Ses02M_impro02_F000;s
Ses02M_impro02_F002;s
Ses02M_impro02_F003;s
Ses02M_impro02_F005;s
Ses02M_impro02_F006;s
Ses02M_impro02_F007;s
Ses02M_impro02_F008;s
Ses02M_impro02_F012;s
Ses02M_impro02_F013;s
Ses02M_impro02_M001;s
Ses02M_impro02_M003;f
Ses02M_impro03_F000;e
Ses02M_impro03_F004;e
Ses02M_impro03_F005;e
Ses02M_impro03_F008;e
Ses02M_impro03_F012;e
Ses02M_impro03_F013;e
Ses02M_impro03_F020;e
Ses02M_impro03_F028;e
Ses02M_impro03_M000;e
Ses02M_impro03_M001;e
Ses02M_impro03_M005;e
Ses02M_impro04_F002;n
Ses02M_impro04_F007;n
Ses02M_impro04_F009;s
Ses02M_impro04_F010;n
Ses02M_impro04_F011;n
Ses02M_impro04_F015;n
Ses02M_impro04_M000;f
Ses02M_impro04_M002;f
Ses02M_impro04_M003;f
Ses02M_impro04_M005;f
Ses02M_impro04_M007;f
Ses02M_impro04_M009;f
Ses02M_impro04_M011;f
Ses02M_impro04_M013;f
Ses02M_impro04_M016;f
Ses02M_impro04_M017;f
Ses02M_impro05_F000;n
Ses02M_impro05_F001;n
Ses02M_impro05_F002;n
Ses02M_impro05_F003;n
Ses02M_impro05_F004;n
Ses02M_impro05_F005;n
Ses02M_impro05_F006;n
Ses02M_impro05_F007;n
Ses02M_impro05_F008;n
Ses02M_impro05_F009;n
Ses02M_impro05_F010;n
Ses02M_impro05_F011;n
Ses02M_impro05_F012;n
Ses02M_impro05_F013;n
Ses02M_impro05_F014;n
Ses02M_impro05_F015;n
Ses02M_impro05_F016;n
Ses02M_impro05_F017;n
Ses02M_impro05_F018;n
Ses02M_impro05_F019;n
Ses02M_impro05_F022;f
Ses02M_impro05_F023;n
Ses02M_impro05_F024;n
Ses02M_impro05_F025;n
Ses02M_impro05_F026;n
Ses02M_impro05_F028;f
Ses02M_impro05_F029;f
Ses02M_impro05_M000;n
Ses02M_impro05_M015;x
Ses02M_impro05_M020;f
Ses02M_impro05_M021;f
Ses02M_impro05_M024;f
Ses02M_impro05_M028;f
Ses02M_impro06_F000;x
Ses02M_impro06_F003;s
Ses02M_impro06_F004;s
Ses02M_impro06_F005;s
Ses02M_impro06_F006;s
Ses02M_impro06_F008;s
Ses02M_impro06_F010;s
Ses02M_impro06_F018;s
Ses02M_impro06_M000;s
Ses02M_impro06_M001;s
Ses02M_impro06_M002;s
Ses02M_impro06_M003;s
Ses02M_impro06_M004;s
Ses02M_impro06_M005;s
Ses02M_impro06_M006;s
Ses02M_impro06_M007;s
Ses02M_impro06_M008;s
Ses02M_impro06_M009;s
Ses02M_impro06_M010;s
Ses02M_impro06_M011;s
Ses02M_impro06_M012;s
Ses02M_impro06_M014;s
Ses02M_impro06_M015;s
Ses02M_impro06_M016;s
Ses02M_impro06_M017;s
Ses02M_impro06_M018;s
Ses02M_impro06_M019;s
Ses02M_impro06_M020;s
Ses02M_impro06_M021;s
Ses02M_impro06_M022;s
Ses02M_impro06_M023;s
Ses02M_impro07_F003;e
Ses02M_impro07_F004;e
Ses02M_impro07_F005;e
Ses02M_impro07_F006;e
Ses02M_impro07_F007;e
Ses02M_impro07_F008;e
Ses02M_impro07_F010;e
Ses02M_impro07_F011;e
Ses02M_impro07_F015;h
Ses02M_impro07_F018;h
Ses02M_impro07_F022;e
Ses02M_impro07_F023;e
Ses02M_impro07_F024;h
Ses02M_impro07_F026;e
Ses02M_impro07_F028;h
Ses02M_impro07_F029;h
Ses02M_impro07_M002;e
Ses02M_impro07_M006;e
Ses02M_impro07_M007;e
Ses02M_impro07_M029;e
Ses02M_impro07_M031;e
Ses02M_impro08_F003;f
Ses02M_impro08_F004;f
Ses02M_impro08_F005;f
Ses02M_impro08_F006;n
Ses02M_impro08_F023;h
Ses02M_impro08_F025;n
Ses02M_impro08_F026;n
Ses02M_impro08_F027;n
Ses02M_impro08_F028;h
Ses02M_impro08_F030;h
Ses02M_impro08_M003;n
Ses02M_impro08_M004;n
Ses02M_impro08_M007;n
Ses02M_impro08_M008;n
Ses02M_impro08_M009;n
Ses02M_impro08_M011;n
Ses02M_impro08_M012;n
Ses02M_impro08_M013;n
Ses02M_impro08_M014;n
Ses02M_impro08_M015;n
Ses02M_impro08_M016;n
Ses02M_impro08_M017;n
Ses02M_impro08_M018;n
Ses02M_impro08_M020;n
Ses02M_impro08_M021;n
Ses02M_impro08_M022;n
Ses02M_impro08_M023;n
Ses02M_impro08_M024;n
Ses02M_impro08_M025;n
Ses02M_impro08_M026;n
Ses02M_impro08_M027;n
Ses02M_impro08_M028;n
Ses02M_impro08_M029;n
Ses02M_impro08_M030;n
Ses02M_impro08_M031;n
Ses02M_script01_1_F024;f
Ses02M_script01_1_F032;a
Ses02M_script01_1_F033;a
Ses02M_script01_1_F034;a
Ses02M_script01_1_F035;a
Ses02M_script01_1_M017;n
Ses02M_script01_1_M020;f
Ses02M_script01_1_M025;a
Ses02M_script01_1_M039;a
Ses02M_script01_1_M043;f
Ses02M_script01_2_M003;f
Ses02M_script01_2_M008;f
Ses02M_script01_2_M010;f
Ses02M_script01_2_M011;f
Ses02M_script01_2_M014;f
Ses02M_script01_2_M017;a
Ses02M_script01_3_M021;s
Ses02M_script01_3_M022;s
Ses02M_script02_1_F015;f
Ses02M_script02_1_M003;e
Ses02M_script02_1_M004;e
Ses02M_script02_1_M005;e
Ses02M_script02_1_M013;e
Ses02M_script02_1_M015;e
Ses02M_script02_1_M023;e
Ses02M_script02_1_M024;e
Ses02M_script02_1_M025;e
Ses02M_script02_1_M026;e
Ses02M_script02_1_M028;e
Ses02M_script02_1_M035;e
Ses02M_script02_1_M036;e
Ses02M_script02_1_M037;e
Ses02M_script02_1_M038;e
Ses02M_script02_1_M039;e
Ses02M_script02_1_M040;e
Ses02M_script02_1_M041;e
Ses02M_script02_1_M042;e
Ses02M_script02_2_F012;f
Ses02M_script02_2_F015;s
Ses02M_script02_2_F016;s
Ses02M_script02_2_M006;f
Ses02M_script02_2_M007;f
Ses02M_script02_2_M008;f
Ses02M_script02_2_M009;f
Ses02M_script02_2_M011;f
Ses02M_script02_2_M012;f
Ses02M_script02_2_M026;f
Ses02M_script02_2_M027;f
Ses02M_script02_2_M028;f
Ses02M_script02_2_M037;s
Ses02M_script02_2_M038;s
Ses02M_script03_2_F019;a
Ses02M_script03_2_F036;a
Ses02M_script03_2_F037;a
Ses02M_script03_2_F038;a
Ses02M_script03_2_F040;a
Ses02M_script03_2_F041;a
Ses02M_script03_2_M007;a
Ses02M_script03_2_M039;a
Ses02M_script03_2_M040;a
Ses02M_script03_2_M043;a
Ses02M_script03_2_M044;a
Ses02M_script03_2_M045;a
Ses02M_script03_2_M046;a
Ses02M_script03_2_M047;a
Ses03F_impro01_F003;f
Ses03F_impro01_F006;f
Ses03F_impro01_F007;f
Ses03F_impro01_F008;f
Ses03F_impro01_F009;f
Ses03F_impro01_F011;f
Ses03F_impro01_M001;n
Ses03F_impro01_M002;n
Ses03F_impro01_M003;n
Ses03F_impro01_M004;n
Ses03F_impro01_M005;n
Ses03F_impro02_F014;f
Ses03F_impro02_F016;f
Ses03F_impro02_F017;f
Ses03F_impro02_F020;s
Ses03F_impro02_F025;s
Ses03F_impro02_F026;s
Ses03F_impro02_F027;s
Ses03F_impro02_F029;s
Ses03F_impro02_F031;s
Ses03F_impro02_F036;s
Ses03F_impro02_F037;s
Ses03F_impro02_F038;s
Ses03F_impro02_F039;s
Ses03F_impro02_F040;s
Ses03F_impro02_F041;s
Ses03F_impro02_M000;n
Ses03F_impro02_M001;h
Ses03F_impro02_M006;f
Ses03F_impro02_M009;f
Ses03F_impro02_M016;s
Ses03F_impro02_M017;s
Ses03F_impro02_M019;s
Ses03F_impro02_M020;s
Ses03F_impro02_M025;s
Ses03F_impro02_M027;a
Ses03F_impro02_M031;s
Ses03F_impro03_F005;e
Ses03F_impro03_F007;e
Ses03F_impro03_F009;e
Ses03F_impro03_F012;e
Ses03F_impro03_F014;h
Ses03F_impro03_F018;h
Ses03F_impro03_F019;h
Ses03F_impro03_F024;e
Ses03F_impro03_M000;e
Ses03F_impro03_M001;e
Ses03F_impro03_M005;e
Ses03F_impro03_M006;e
Ses03F_impro03_M010;e
Ses03F_impro03_M015;h
Ses03F_impro03_M021;e
Ses03F_impro04_F000;f
Ses03F_impro04_F003;f
Ses03F_impro04_F004;f
Ses03F_impro04_F005;f
Ses03F_impro04_F007;f
Ses03F_impro04_F010;f
Ses03F_impro04_F012;f
Ses03F_impro04_F013;f
Ses03F_impro04_F017;f
Ses03F_impro04_F021;f
Ses03F_impro04_M000;n
Ses03F_impro04_M001;n
Ses03F_impro04_M002;n
Ses03F_impro04_M003;n
Ses03F_impro04_M004;n
Ses03F_impro04_M005;n
Ses03F_impro04_M006;n
Ses03F_impro04_M007;n
Ses03F_impro04_M008;n
Ses03F_impro04_M009;n
Ses03F_impro04_M012;n
Ses03F_impro04_M013;n
Ses03F_impro04_M014;n
Ses03F_impro04_M015;n
Ses03F_impro04_M017;n
Ses03F_impro04_M018;n
Ses03F_impro04_M019;n
Ses03F_impro05_F000;f
Ses03F_impro05_F001;f
Ses03F_impro05_F003;f
Ses03F_impro05_F006;f
Ses03F_impro05_F008;a
Ses03F_impro05_F009;a
Ses03F_impro05_F012;f
Ses03F_impro05_M008;n
Ses03F_impro05_M009;n
Ses03F_impro06_F000;s
Ses03F_impro06_F001;s
Ses03F_impro06_F002;s
Ses03F_impro06_F003;s
Ses03F_impro06_F004;s
Ses03F_impro06_F005;s
Ses03F_impro06_F006;s
Ses03F_impro06_F007;s
Ses03F_impro06_F008;s
Ses03F_impro06_F009;s
Ses03F_impro06_F010;s
Ses03F_impro06_F011;s
Ses03F_impro06_F012;s
Ses03F_impro06_F013;s
Ses03F_impro06_F014;s
Ses03F_impro06_F015;s
Ses03F_impro06_F016;s
Ses03F_impro06_F017;s
Ses03F_impro06_F018;s
Ses03F_impro06_F019;s
Ses03F_impro06_F020;s
Ses03F_impro06_F021;s
Ses03F_impro06_F022;s
Ses03F_impro06_F023;s
Ses03F_impro06_F024;s
Ses03F_impro06_F025;s
Ses03F_impro06_F026;s
Ses03F_impro06_F030;s
Ses03F_impro06_F031;s
Ses03F_impro06_F032;s
Ses03F_impro06_F033;s
Ses03F_impro06_F034;s
Ses03F_impro06_F035;s
Ses03F_impro06_M000;n
Ses03F_impro06_M001;n
Ses03F_impro06_M002;s
Ses03F_impro06_M003;n
Ses03F_impro06_M011;s
Ses03F_impro06_M012;s
Ses03F_impro06_M015;s
Ses03F_impro07_F009;e
Ses03F_impro07_F011;e
Ses03F_impro07_F012;h
Ses03F_impro07_F014;e
Ses03F_impro07_F016;e
Ses03F_impro07_F021;e
Ses03F_impro07_F022;e
Ses03F_impro07_F023;h
Ses03F_impro07_F026;e
Ses03F_impro07_F028;e
Ses03F_impro07_F029;e
Ses03F_impro07_F034;h
Ses03F_impro07_F035;h
Ses03F_impro07_M014;e
Ses03F_impro07_M015;e
Ses03F_impro07_M026;e
Ses03F_impro07_M029;e
Ses03F_impro07_M032;e
Ses03F_impro08_F000;n
Ses03F_impro08_F001;n
Ses03F_impro08_F003;n
Ses03F_impro08_F004;n
Ses03F_impro08_F005;n
Ses03F_impro08_F006;n
Ses03F_impro08_F007;n
Ses03F_impro08_F008;n
Ses03F_impro08_F009;n
Ses03F_impro08_F011;n
Ses03F_impro08_F012;n
Ses03F_impro08_F013;n
Ses03F_impro08_F014;n
Ses03F_impro08_F017;f
Ses03F_impro08_F018;f
Ses03F_impro08_F020;n
Ses03F_impro08_F021;n
Ses03F_impro08_F022;n
Ses03F_impro08_F023;n
Ses03F_impro08_F024;n
Ses03F_impro08_F025;n
Ses03F_impro08_F027;n
Ses03F_impro08_F028;n
Ses03F_impro08_M000;a
Ses03F_impro08_M004;f
Ses03F_impro08_M014;a
Ses03F_impro08_M015;a
Ses03F_impro08_M018;f
Ses03F_impro08_M026;f
Ses03F_script01_1_F003;x
Ses03F_script01_1_F022;f
Ses03F_script01_1_F026;f
Ses03F_script01_1_F028;f
Ses03F_script01_1_F029;f
Ses03F_script01_1_F035;f
Ses03F_script01_1_F036;f
Ses03F_script01_1_F037;f
Ses03F_script01_1_F038;f
Ses03F_script01_1_F041;x
Ses03F_script01_1_F042;x
Ses03F_script01_1_F043;f
Ses03F_script01_1_F044;f
Ses03F_script01_1_F048;f
Ses03F_script01_1_F049;f
Ses03F_script01_1_M000;n
Ses03F_script01_1_M001;n
Ses03F_script01_1_M002;n
Ses03F_script01_1_M003;n
Ses03F_script01_1_M004;n
Ses03F_script01_1_M005;n
Ses03F_script01_1_M006;n
Ses03F_script01_1_M007;n
Ses03F_script01_1_M008;n
Ses03F_script01_1_M011;f
Ses03F_script01_1_M013;f
Ses03F_script01_1_M021;a
Ses03F_script01_1_M028;n
Ses03F_script01_1_M029;n
Ses03F_script01_1_M030;n
Ses03F_script01_1_M031;n
Ses03F_script01_1_M032;f
Ses03F_script01_1_M037;f
Ses03F_script01_1_M042;n
Ses03F_script01_1_M051;f
Ses03F_script01_1_M053;n
Ses03F_script01_2_F001;a
Ses03F_script01_2_F013;a
Ses03F_script01_2_F016;a
Ses03F_script01_2_M005;f
Ses03F_script01_2_M012;f
Ses03F_script01_2_M018;a
Ses03F_script01_3_F013;h
Ses03F_script01_3_F031;s
Ses03F_script01_3_M013;h
Ses03F_script01_3_M015;h
Ses03F_script01_3_M023;h
Ses03F_script01_3_M030;s
Ses03F_script01_3_M031;s
Ses03F_script01_3_M032;s
Ses03F_script01_3_M033;s
Ses03F_script01_3_M034;s
Ses03F_script01_3_M035;s
Ses03F_script01_3_M036;s
Ses03F_script01_3_M038;s
Ses03F_script02_1_F014;f
Ses03F_script02_1_F018;f
Ses03F_script02_1_M000;e
Ses03F_script02_1_M001;e
Ses03F_script02_1_M002;e
Ses03F_script02_1_M003;e
Ses03F_script02_1_M004;e
Ses03F_script02_1_M005;e
Ses03F_script02_1_M006;e
Ses03F_script02_1_M009;e
Ses03F_script02_1_M011;e
Ses03F_script02_1_M013;e
Ses03F_script02_1_M014;e
Ses03F_script02_1_M015;e
Ses03F_script02_1_M016;e
Ses03F_script02_1_M042;e
Ses03F_script02_2_F005;a
Ses03F_script02_2_F013;f
Ses03F_script02_2_F016;s
Ses03F_script02_2_F017;s
Ses03F_script02_2_F024;s
Ses03F_script02_2_F025;s
Ses03F_script02_2_F026;s
Ses03F_script02_2_F028;s
Ses03F_script02_2_F029;f
Ses03F_script02_2_F032;f
Ses03F_script02_2_F033;f
Ses03F_script02_2_F040;s
Ses03F_script02_2_F041;f
Ses03F_script02_2_F051;s
Ses03F_script02_2_M002;f
Ses03F_script02_2_M003;f
Ses03F_script02_2_M006;f
Ses03F_script02_2_M007;f
Ses03F_script02_2_M011;f
Ses03F_script02_2_M023;f
Ses03F_script02_2_M024;f
Ses03F_script02_2_M025;f
Ses03F_script02_2_M027;f
Ses03F_script02_2_M034;f
Ses03F_script02_2_M041;h
Ses03F_script03_2_F029;f
Ses03F_script03_2_F030;f
Ses03F_script03_2_F035;a
Ses03F_script03_2_F037;a
Ses03F_script03_2_F038;a
Ses03F_script03_2_F039;a
Ses03F_script03_2_F040;a
Ses03F_script03_2_F041;a
Ses03F_script03_2_F042;a
Ses03F_script03_2_F043;a
Ses03F_script03_2_M029;a
Ses03F_script03_2_M030;a
Ses03F_script03_2_M041;a
Ses03F_script03_2_M042;a
Ses03F_script03_2_M043;a
Ses03F_script03_2_M044;a
Ses03M_impro01_F000;n
Ses03M_impro01_F005;f
Ses03M_impro01_F008;f
Ses03M_impro01_F009;f
Ses03M_impro01_F012;f
Ses03M_impro01_F016;f
Ses03M_impro01_F018;f
Ses03M_impro01_F021;f
Ses03M_impro01_F024;f
Ses03M_impro01_M001;f
Ses03M_impro01_M005;f
Ses03M_impro01_M006;f
Ses03M_impro01_M010;f
Ses03M_impro01_M014;a
Ses03M_impro02_F000;h
Ses03M_impro02_F009;f
Ses03M_impro02_F014;s
Ses03M_impro02_F015;s
Ses03M_impro02_F016;s
Ses03M_impro02_F017;s
Ses03M_impro02_F018;f
Ses03M_impro02_F022;s
Ses03M_impro02_F023;s
Ses03M_impro02_F029;s
Ses03M_impro02_F030;s
Ses03M_impro02_F031;s
Ses03M_impro02_F032;s
Ses03M_impro02_F033;s
Ses03M_impro02_M001;s
Ses03M_impro02_M002;s
Ses03M_impro02_M003;s
Ses03M_impro02_M004;s
Ses03M_impro02_M005;s
Ses03M_impro02_M006;s
Ses03M_impro02_M011;s
Ses03M_impro02_M017;f
Ses03M_impro02_M021;f
Ses03M_impro02_M022;f
Ses03M_impro02_M024;s
Ses03M_impro02_M026;s
Ses03M_impro02_M027;s
Ses03M_impro02_M028;s
Ses03M_impro02_M031;s
Ses03M_impro02_M035;f
Ses03M_impro02_M036;f
Ses03M_impro03_F001;e
Ses03M_impro03_F017;h
Ses03M_impro03_F022;h
Ses03M_impro03_F023;e
Ses03M_impro03_F025;h
Ses03M_impro03_M001;e
Ses03M_impro03_M002;e
Ses03M_impro03_M003;e
Ses03M_impro03_M014;h
Ses03M_impro03_M015;h
Ses03M_impro03_M017;h
Ses03M_impro03_M018;h
Ses03M_impro03_M019;h
Ses03M_impro03_M021;h
Ses03M_impro03_M031;h
Ses03M_impro03_M032;h
Ses03M_impro03_M035;e
Ses03M_impro03_M039;h
Ses03M_impro04_F000;x
Ses03M_impro04_F001;n
Ses03M_impro04_F004;n
Ses03M_impro04_F014;n
Ses03M_impro04_F015;n
Ses03M_impro04_F028;f
Ses03M_impro04_F029;n
Ses03M_impro04_F030;n
Ses03M_impro04_M000;s
Ses03M_impro04_M001;f
Ses03M_impro04_M002;f
Ses03M_impro04_M005;f
Ses03M_impro04_M006;f
Ses03M_impro04_M008;a
Ses03M_impro04_M012;f
Ses03M_impro04_M013;f
Ses03M_impro04_M017;f
Ses03M_impro04_M018;f
Ses03M_impro04_M020;f
Ses03M_impro04_M021;f
Ses03M_impro04_M022;f
Ses03M_impro04_M023;f
Ses03M_impro04_M026;s
Ses03M_impro04_M028;f
Ses03M_impro04_M033;f
Ses03M_impro04_M034;f
Ses03M_impro04_M035;f
Ses03M_impro04_M037;f
Ses03M_impro04_M040;f
Ses03M_impro05a_F000;n
Ses03M_impro05a_F001;n
Ses03M_impro05a_F005;n
Ses03M_impro05a_F007;n
Ses03M_impro05a_F008;n
Ses03M_impro05a_F009;n
Ses03M_impro05a_F021;n
Ses03M_impro05a_F025;n
Ses03M_impro05a_F028;a
Ses03M_impro05a_M000;a
Ses03M_impro05a_M001;a
Ses03M_impro05a_M002;a
Ses03M_impro05a_M003;a
Ses03M_impro05a_M005;a
Ses03M_impro05a_M012;a
Ses03M_impro05a_M013;a
Ses03M_impro05a_M016;a
Ses03M_impro05a_M017;a
Ses03M_impro05a_M018;a
Ses03M_impro05a_M021;a
Ses03M_impro05a_M025;a
Ses03M_impro05a_M027;a
Ses03M_impro05a_M028;a
Ses03M_impro05a_M029;a
Ses03M_impro05b_F000;n
Ses03M_impro05b_F001;n
Ses03M_impro05b_F002;n
Ses03M_impro05b_F003;n
Ses03M_impro05b_F004;n
Ses03M_impro05b_F005;n
Ses03M_impro05b_F006;n
Ses03M_impro05b_F007;n
Ses03M_impro05b_F008;n
Ses03M_impro05b_F009;n
Ses03M_impro05b_F010;n
Ses03M_impro05b_F011;n
Ses03M_impro05b_F012;n
Ses03M_impro05b_F013;n
Ses03M_impro05b_F014;n
Ses03M_impro05b_F015;n
Ses03M_impro05b_F016;n
Ses03M_impro05b_F018;n
Ses03M_impro05b_F020;n
Ses03M_impro05b_F022;n
Ses03M_impro05b_F023;n
Ses03M_impro05b_F028;n
Ses03M_impro05b_M001;f
Ses03M_impro05b_M002;f
Ses03M_impro05b_M003;f
Ses03M_impro05b_M005;f
Ses03M_impro05b_M007;f
Ses03M_impro05b_M015;a
Ses03M_impro05b_M017;f
Ses03M_impro05b_M023;a
Ses03M_impro05b_M027;a
Ses03M_impro05b_M033;a
Ses03M_impro06_F002;s
Ses03M_impro06_F003;s
Ses03M_impro06_F004;s
Ses03M_impro06_F005;s
Ses03M_impro06_F020;s
Ses03M_impro06_M000;s
Ses03M_impro06_M001;s
Ses03M_impro06_M002;s
Ses03M_impro06_M003;s
Ses03M_impro06_M004;s
Ses03M_impro06_M007;s
Ses03M_impro06_M008;s
Ses03M_impro06_M009;s
Ses03M_impro06_M010;s
Ses03M_impro06_M011;s
Ses03M_impro06_M012;s
Ses03M_impro06_M015;s
Ses03M_impro06_M016;s
Ses03M_impro06_M017;s
Ses03M_impro06_M018;s
Ses03M_impro06_M019;s
Ses03M_impro06_M020;s
Ses03M_impro06_M023;s
Ses03M_impro06_M029;s
Ses03M_impro06_M030;s
Ses03M_impro06_M032;s
Ses03M_impro07_F000;h
Ses03M_impro07_F006;e
Ses03M_impro07_F007;e
Ses03M_impro07_F011;h
Ses03M_impro07_F018;e
Ses03M_impro07_F019;h
Ses03M_impro07_M005;e
Ses03M_impro07_M007;e
Ses03M_impro07_M011;e
Ses03M_impro07_M015;e
Ses03M_impro07_M017;e
Ses03M_impro07_M018;e
Ses03M_impro07_M020;e
Ses03M_impro07_M024;e
Ses03M_impro07_M025;h
Ses03M_impro08a_F000;f
Ses03M_impro08a_F001;f
Ses03M_impro08a_F002;f
Ses03M_impro08a_F003;f
Ses03M_impro08a_F004;n
Ses03M_impro08a_F006;f
Ses03M_impro08a_F007;f
Ses03M_impro08a_F008;f
Ses03M_impro08a_F009;f
Ses03M_impro08a_F013;a
Ses03M_impro08a_F015;a
Ses03M_impro08a_F017;f
Ses03M_impro08a_F018;f
Ses03M_impro08a_F019;f
Ses03M_impro08a_F022;a
Ses03M_impro08a_F023;f
Ses03M_impro08a_F024;f
Ses03M_impro08a_F025;f
Ses03M_impro08a_F027;f
Ses03M_impro08a_F029;f
Ses03M_impro08a_F031;f
Ses03M_impro08a_F033;f
Ses03M_impro08a_F035;f
Ses03M_impro08a_M001;n
Ses03M_impro08a_M002;n
Ses03M_impro08a_M003;n
Ses03M_impro08a_M004;n
Ses03M_impro08a_M005;n
Ses03M_impro08a_M006;n
Ses03M_impro08a_M007;n
Ses03M_impro08a_M008;n
Ses03M_impro08a_M009;n
Ses03M_impro08a_M010;n
Ses03M_impro08a_M012;n
Ses03M_impro08a_M013;n
Ses03M_impro08a_M016;n
Ses03M_impro08a_M017;n
Ses03M_impro08a_M018;n
Ses03M_impro08a_M019;n
Ses03M_impro08a_M020;n
Ses03M_impro08a_M021;n
Ses03M_impro08a_M022;n
Ses03M_impro08a_M023;n
Ses03M_impro08a_M024;n
Ses03M_impro08a_M025;n
Ses03M_impro08a_M026;n
Ses03M_impro08a_M027;n
Ses03M_impro08b_F002;f
Ses03M_impro08b_F003;f
Ses03M_impro08b_F005;a
Ses03M_impro08b_F007;f
Ses03M_impro08b_F009;f
Ses03M_impro08b_F010;f
Ses03M_impro08b_F011;f
Ses03M_impro08b_F014;f
Ses03M_impro08b_F021;n
Ses03M_impro08b_F023;n
Ses03M_impro08b_F024;n
Ses03M_impro08b_M000;n
Ses03M_impro08b_M001;n
Ses03M_impro08b_M002;n
Ses03M_impro08b_M003;n
Ses03M_impro08b_M004;n
Ses03M_impro08b_M005;n
Ses03M_impro08b_M006;n
Ses03M_impro08b_M007;n
Ses03M_impro08b_M008;n
Ses03M_impro08b_M009;n
Ses03M_impro08b_M011;n
Ses03M_impro08b_M012;n
Ses03M_impro08b_M013;n
Ses03M_impro08b_M014;n
Ses03M_impro08b_M015;n
Ses03M_impro08b_M016;n
Ses03M_impro08b_M017;n
Ses03M_impro08b_M018;n
Ses03M_impro08b_M019;n
Ses03M_impro08b_M020;n
Ses03M_impro08b_M021;n
Ses03M_impro08b_M022;n
Ses03M_script01_1_F005;s
Ses03M_script01_1_F008;s
Ses03M_script01_1_F028;n
Ses03M_script01_1_F031;f
Ses03M_script01_1_F033;f
Ses03M_script01_1_F045;s
Ses03M_script01_1_M019;n
Ses03M_script01_1_M020;f
Ses03M_script01_1_M024;f
Ses03M_script01_1_M034;f
Ses03M_script01_2_F011;s
Ses03M_script01_2_M006;f
Ses03M_script01_2_M010;f
Ses03M_script01_2_M011;f
Ses03M_script01_2_M012;f
Ses03M_script01_2_M015;a
Ses03M_script01_2_M016;a
Ses03M_script01_2_M017;a
Ses03M_script01_3_F012;h
Ses03M_script01_3_F017;h
Ses03M_script01_3_F030;s
Ses03M_script01_3_M019;e
Ses03M_script01_3_M028;s
Ses03M_script01_3_M029;s
Ses03M_script01_3_M030;s
Ses03M_script01_3_M031;s
Ses03M_script01_3_M032;s
Ses03M_script01_3_M033;s
Ses03M_script01_3_M034;s
Ses03M_script01_3_M040;s
Ses03M_script01_3_M041;s
Ses03M_script01_3_M042;s
Ses03M_script02_1_F015;f
Ses03M_script02_1_M003;e
Ses03M_script02_1_M004;e
Ses03M_script02_1_M005;e
Ses03M_script02_1_M023;e
Ses03M_script02_1_M026;e
Ses03M_script02_1_M027;e
Ses03M_script02_1_M034;e
Ses03M_script02_1_M035;e
Ses03M_script02_1_M041;e
Ses03M_script02_2_F017;f
Ses03M_script02_2_F023;s
Ses03M_script02_2_F024;s
Ses03M_script02_2_F025;s
Ses03M_script02_2_F027;f
Ses03M_script02_2_F030;f
Ses03M_script02_2_F035;s
Ses03M_script02_2_F036;s
Ses03M_script02_2_F040;s
Ses03M_script02_2_F047;h
Ses03M_script02_2_M009;f
Ses03M_script02_2_M011;f
Ses03M_script02_2_M013;f
Ses03M_script02_2_M019;n
Ses03M_script02_2_M024;f
Ses03M_script02_2_M026;f
Ses03M_script02_2_M028;a
Ses03M_script02_2_M036;s
Ses03M_script02_2_M037;s
Ses03M_script03_2_F032;a
Ses03M_script03_2_F033;a
Ses03M_script03_2_F037;f
Ses03M_script03_2_F040;a
Ses03M_script03_2_F041;a
Ses03M_script03_2_F042;a
Ses03M_script03_2_F043;a
Ses03M_script03_2_F044;a
Ses03M_script03_2_F045;a
Ses03M_script03_2_M030;a
Ses03M_script03_2_M039;a
Ses03M_script03_2_M040;a
Ses03M_script03_2_M041;a
Ses03M_script03_2_M042;a
Ses03M_script03_2_M043;a
Ses03M_script03_2_M044;a
Ses04F_impro01_F001;f
Ses04F_impro01_F002;f
Ses04F_impro01_F003;f
Ses04F_impro01_F013;f
Ses04F_impro01_M003;f
Ses04F_impro01_M006;f
Ses04F_impro01_M009;f
Ses04F_impro02_F005;s
Ses04F_impro02_F019;f
Ses04F_impro02_F024;s
Ses04F_impro02_M002;f
Ses04F_impro02_M009;f
Ses04F_impro02_M023;f
Ses04F_impro03_F000;e
Ses04F_impro03_F001;e
Ses04F_impro03_F002;e
Ses04F_impro03_F003;e
Ses04F_impro03_F004;e
Ses04F_impro03_F005;e
Ses04F_impro03_F007;e
Ses04F_impro03_F009;e
Ses04F_impro03_F043;e
Ses04F_impro03_F044;e
Ses04F_impro03_M000;n
Ses04F_impro03_M004;e
Ses04F_impro03_M037;e
Ses04F_impro03_M038;e
Ses04F_impro03_M039;e
Ses04F_impro03_M040;e
Ses04F_impro04_F002;f
Ses04F_impro04_F003;f
Ses04F_impro04_F022;f
Ses04F_impro04_F027;f
Ses04F_impro04_F029;f
Ses04F_impro05_F003;f
Ses04F_impro05_F004;a
Ses04F_impro05_F008;a
Ses04F_impro05_F009;a
Ses04F_impro05_F012;a
Ses04F_impro05_F013;a
Ses04F_impro05_F014;a
Ses04F_impro05_F015;a
Ses04F_impro05_F016;a
Ses04F_impro05_F017;a
Ses04F_impro05_F018;a
Ses04F_impro05_F019;a
Ses04F_impro06_F001;s
Ses04F_impro06_F005;s
Ses04F_impro06_F007;s
Ses04F_impro06_F008;h
Ses04F_impro06_F009;h
Ses04F_impro06_F010;s
Ses04F_impro06_M000;s
Ses04F_impro06_M001;s
Ses04F_impro07_F000;e
Ses04F_impro07_F001;e
Ses04F_impro07_F002;e
Ses04F_impro07_F003;e
Ses04F_impro07_F004;e
Ses04F_impro07_F005;e
Ses04F_impro07_F006;e
Ses04F_impro07_F009;e
Ses04F_impro07_F014;e
Ses04F_impro07_F027;e
Ses04F_impro07_F028;e
Ses04F_impro07_F029;e
Ses04F_impro07_F033;e
Ses04F_impro07_F058;e
Ses04F_impro07_M005;e
Ses04F_impro07_M006;e
Ses04F_impro07_M028;e
Ses04F_impro07_M059;n
Ses04F_impro07_M060;n
Ses04F_impro07_M061;n
Ses04F_impro07_M062;n
Ses04F_impro07_M073;n
Ses04F_impro08_F012;f
Ses04F_impro08_F013;f
Ses04F_impro08_F017;f
Ses04F_impro08_F018;f
Ses04F_impro08_F019;f
Ses04F_impro08_M003;f
Ses04F_impro08_M005;f
Ses04F_impro08_M007;f
Ses04F_impro08_M013;a
Ses04F_impro08_M014;a
Ses04F_impro08_M015;a
Ses04F_impro08_M017;a
Ses04F_impro08_M018;a
Ses04F_impro08_M019;a
Ses04F_impro08_M022;a
Ses04F_impro08_M023;a
Ses04F_impro08_M024;a
Ses04F_impro08_M029;f
Ses04F_script01_1_F013;a
Ses04F_script01_1_F015;a
Ses04F_script01_1_F019;a
Ses04F_script01_1_F022;a
Ses04F_script01_1_F031;f
Ses04F_script01_1_F036;a
Ses04F_script01_1_F037;a
Ses04F_script01_1_F041;a
Ses04F_script01_1_F042;a
Ses04F_script01_1_M007;f
Ses04F_script01_1_M014;f
Ses04F_script01_1_M015;f
Ses04F_script01_1_M025;a
Ses04F_script01_1_M043;f
Ses04F_script01_2_F006;a
Ses04F_script01_2_F007;a
Ses04F_script01_2_M007;n
Ses04F_script01_2_M010;f
Ses04F_script01_2_M011;f
Ses04F_script01_2_M014;f
Ses04F_script01_2_M015;f
Ses04F_script01_3_F023;n
Ses04F_script01_3_M010;h
Ses04F_script02_1_F012;a
Ses04F_script02_1_F015;f
Ses04F_script02_1_M002;e
Ses04F_script02_1_M017;n
Ses04F_script02_1_M031;a
Ses04F_script02_1_M039;e
Ses04F_script02_1_M040;e
Ses04F_script02_2_F019;s
Ses04F_script02_2_F028;f
Ses04F_script02_2_F029;f
Ses04F_script02_2_F030;f
Ses04F_script02_2_F031;a
Ses04F_script02_2_F045;h
Ses04F_script02_2_F046;h
Ses04F_script02_2_M006;f
Ses04F_script02_2_M013;f
Ses04F_script02_2_M027;f
Ses04F_script02_2_M028;f
Ses04F_script02_2_M029;f
Ses04F_script02_2_M039;f
Ses04F_script02_2_M040;s
Ses04F_script03_1_F009;e
Ses04F_script03_2_F022;a
Ses04F_script03_2_F037;a
Ses04F_script03_2_F038;a
Ses04F_script03_2_F040;a
Ses04F_script03_2_F041;a
Ses04F_script03_2_F042;a
Ses04F_script03_2_F043;a
Ses04F_script03_2_F044;a
Ses04F_script03_2_M005;a
Ses04F_script03_2_M006;a
Ses04F_script03_2_M007;a
Ses04F_script03_2_M015;a
Ses04F_script03_2_M028;f
Ses04F_script03_2_M043;a
Ses04M_impro01_F000;n
Ses04M_impro01_F001;n
Ses04M_impro01_F002;n
Ses04M_impro01_F003;f
Ses04M_impro01_F004;f
Ses04M_impro01_F005;f
Ses04M_impro01_F010;f
Ses04M_impro01_F011;f
Ses04M_impro01_F014;f
Ses04M_impro01_F015;f
Ses04M_impro01_F016;f
Ses04M_impro01_M001;f
Ses04M_impro01_M002;f
Ses04M_impro01_M004;f
Ses04M_impro01_M007;f
Ses04M_impro01_M008;f
Ses04M_impro01_M009;f
Ses04M_impro01_M010;f
Ses04M_impro01_M013;f
Ses04M_impro01_M019;f
Ses04M_impro01_M022;f
Ses04M_impro02_F008;f
Ses04M_impro02_F010;f
Ses04M_impro02_F018;f
Ses04M_impro02_M007;f
Ses04M_impro02_M011;f
Ses04M_impro02_M012;f
Ses04M_impro02_M014;f
Ses04M_impro02_M015;f
Ses04M_impro02_M017;f
Ses04M_impro02_M018;f
Ses04M_impro02_M019;f
Ses04M_impro02_M022;f
Ses04M_impro02_M023;f
Ses04M_impro02_M025;f
Ses04M_impro02_M026;f
Ses04M_impro02_M027;f
Ses04M_impro02_M028;f
Ses04M_impro02_M029;f
Ses04M_impro02_M030;f
Ses04M_impro02_M031;f
Ses04M_impro02_M032;f
Ses04M_impro02_M033;f
Ses04M_impro02_M034;f
Ses04M_impro03_F003;e
Ses04M_impro03_F004;e
Ses04M_impro03_F005;e
Ses04M_impro03_F007;e
Ses04M_impro03_F008;e
Ses04M_impro03_F009;e
Ses04M_impro03_F010;e
Ses04M_impro03_F017;e
Ses04M_impro03_F019;e
Ses04M_impro04_F000;n
Ses04M_impro04_F001;n
Ses04M_impro04_F003;n
Ses04M_impro04_F004;n
Ses04M_impro04_F005;n
Ses04M_impro04_F008;n
Ses04M_impro04_F009;n
Ses04M_impro04_M000;f
Ses04M_impro04_M001;f
Ses04M_impro04_M002;f
Ses04M_impro04_M003;f
Ses04M_impro04_M005;f
Ses04M_impro04_M006;f
Ses04M_impro04_M007;f
Ses04M_impro04_M009;f
Ses04M_impro04_M010;f
Ses04M_impro04_M011;f
Ses04M_impro04_M012;f
Ses04M_impro04_M013;f
Ses04M_impro04_M015;f
Ses04M_impro04_M019;f
Ses04M_impro05_F008;n
Ses04M_impro05_F009;n
Ses04M_impro05_F030;f
Ses04M_impro05_F036;n
Ses04M_impro05_F039;f
Ses04M_impro05_M002;f
Ses04M_impro05_M003;f
Ses04M_impro05_M004;f
Ses04M_impro05_M005;f
Ses04M_impro05_M011;a
Ses04M_impro05_M013;f
Ses04M_impro05_M024;f
Ses04M_impro05_M025;f
Ses04M_impro05_M027;f
Ses04M_impro05_M028;f
Ses04M_impro05_M029;f
Ses04M_impro05_M030;f
Ses04M_impro05_M031;f
Ses04M_impro05_M032;f
Ses04M_impro05_M033;f
Ses04M_impro05_M034;f
Ses04M_impro05_M035;f
Ses04M_impro05_M036;f
Ses04M_impro05_M039;a
Ses04M_impro05_M041;f
Ses04M_impro05_M042;f
Ses04M_impro06_F000;s
Ses04M_impro06_F001;s
Ses04M_impro06_F002;s
Ses04M_impro06_F003;s
Ses04M_impro06_F006;s
Ses04M_impro06_F007;s
Ses04M_impro06_F008;s
Ses04M_impro06_F016;s
Ses04M_impro06_F017;s
Ses04M_impro06_M001;s
Ses04M_impro06_M003;s
Ses04M_impro06_M005;s
Ses04M_impro06_M010;s
Ses04M_impro06_M011;s
Ses04M_impro06_M012;s
Ses04M_impro06_M013;s
Ses04M_impro06_M015;s
Ses04M_impro06_M016;s
Ses04M_impro06_M017;s
Ses04M_impro06_M018;s
Ses04M_impro06_M020;s
Ses04M_impro07_F003;e
Ses04M_impro07_F012;e
Ses04M_impro07_F014;e
Ses04M_impro07_F017;e
Ses04M_impro07_F022;e
Ses04M_impro07_M000;e
Ses04M_impro07_M001;e
Ses04M_impro07_M002;e
Ses04M_impro07_M003;e
Ses04M_impro07_M014;e
Ses04M_impro07_M015;e
Ses04M_impro07_M020;e
Ses04M_impro08_F002;f
Ses04M_impro08_F003;f
Ses04M_impro08_F006;f
Ses04M_impro08_F008;f
Ses04M_impro08_F009;f
Ses04M_impro08_F010;f
Ses04M_impro08_F011;f
Ses04M_impro08_F012;f
Ses04M_impro08_F013;f
Ses04M_impro08_F014;f
Ses04M_impro08_M006;n
Ses04M_impro08_M013;n
Ses04M_impro08_M018;f
Ses04M_impro08_M019;n
Ses04M_impro08_M020;n
Ses04M_impro08_M021;n
Ses04M_impro08_M022;n
Ses04M_impro08_M023;n
Ses04M_script01_1_F024;f
Ses04M_script01_1_F027;n
Ses04M_script01_1_M007;f
Ses04M_script01_1_M024;f
Ses04M_script01_2_F000;a
Ses04M_script01_2_F002;a
Ses04M_script01_2_F003;a
Ses04M_script01_2_F004;a
Ses04M_script01_2_F005;a
Ses04M_script01_2_F006;a
Ses04M_script01_2_F008;a
Ses04M_script01_2_F011;a
Ses04M_script01_2_F012;a
Ses04M_script01_2_F013;a
Ses04M_script01_2_F014;a
Ses04M_script01_2_F015;a
Ses04M_script01_2_M011;f
Ses04M_script01_2_M012;f
Ses04M_script01_2_M015;f
Ses04M_script01_2_M016;f
Ses04M_script01_2_M019;a
Ses04M_script01_3_F023;s
Ses04M_script01_3_M026;s
Ses04M_script02_1_F002;a
Ses04M_script02_1_F003;a
Ses04M_script02_1_F004;a
Ses04M_script02_1_F013;a
Ses04M_script02_1_F014;n
Ses04M_script02_1_F018;a
Ses04M_script02_1_M021;e
Ses04M_script02_1_M023;e
Ses04M_script02_1_M028;e
Ses04M_script02_1_M030;e
Ses04M_script02_1_M031;e
Ses04M_script02_1_M032;e
Ses04M_script02_2_F006;a
Ses04M_script02_2_F012;f
Ses04M_script02_2_F019;s
Ses04M_script02_2_F020;s
Ses04M_script02_2_F021;s
Ses04M_script02_2_F024;f
Ses04M_script02_2_F025;a
Ses04M_script02_2_F027;a
Ses04M_script02_2_F031;f
Ses04M_script02_2_M013;f
Ses04M_script02_2_M014;f
Ses04M_script02_2_M016;f
Ses04M_script02_2_M017;f
Ses04M_script02_2_M018;f
Ses04M_script02_2_M024;f
Ses04M_script02_2_M025;f
Ses04M_script02_2_M026;f
Ses04M_script02_2_M027;f
Ses04M_script03_1_F007;e
Ses04M_script03_1_F009;e
Ses04M_script03_1_F017;e
Ses04M_script03_1_F023;e
Ses04M_script03_1_M012;n
Ses04M_script03_1_M028;n
Ses04M_script03_1_M029;e
Ses04M_script03_2_F019;a
Ses04M_script03_2_F024;n
Ses04M_script03_2_F028;a
Ses04M_script03_2_F032;a
Ses04M_script03_2_F034;a
Ses04M_script03_2_F036;a
Ses04M_script03_2_F039;a
Ses04M_script03_2_F040;a
Ses04M_script03_2_F041;a
Ses04M_script03_2_F042;a
Ses04M_script03_2_F044;a
Ses04M_script03_2_F045;a
Ses04M_script03_2_F046;a
Ses04M_script03_2_F047;a
Ses04M_script03_2_F049;a
Ses04M_script03_2_F050;a
Ses04M_script03_2_F051;a
Ses04M_script03_2_F052;a
Ses04M_script03_2_M013;a
Ses04M_script03_2_M020;a
Ses04M_script03_2_M021;a
Ses04M_script03_2_M026;n
Ses04M_script03_2_M028;n
Ses04M_script03_2_M031;a
Ses04M_script03_2_M040;a
Ses04M_script03_2_M046;a
Ses04M_script03_2_M047;a
Ses04M_script03_2_M048;a
Ses04M_script03_2_M049;a
Ses04M_script03_2_M050;a
Ses04M_script03_2_M051;a
Ses04M_script03_2_M052;a
Ses04M_script03_2_M053;a
Ses04M_script03_2_M054;a
Ses04M_script03_2_M055;a
Ses04M_script03_2_M056;a
